{"MSE": 2.453983836538874, "_timestamp": 1685633388.0935888, "_runtime": 15.539491891860962, "_step": 0, "_wandb": {"runtime": 15}}