{"MSE": 2.452248876949814, "_timestamp": 1685634552.1548848, "_runtime": 10.260510921478271, "_step": 0, "_wandb": {"runtime": 9}}