{"MSE": 2.4578594880293325, "_timestamp": 1685634486.9769561, "_runtime": 8.067515134811401, "_step": 0, "_wandb": {"runtime": 7}}