{"MSE": 2.4705020874814747, "_timestamp": 1685634505.6852288, "_runtime": 5.938487768173218, "_step": 0, "_wandb": {"runtime": 5}}