{"MSE": 2.4491103924251907, "_timestamp": 1685634576.481311, "_runtime": 13.47519302368164, "_step": 0, "_wandb": {"runtime": 13}}