{"MSE": 2.4578146592904835, "_timestamp": 1685634523.8427355, "_runtime": 7.9009904861450195, "_step": 0, "_wandb": {"runtime": 7}}